{
  "project_info": {
    "project_number": "112921723540",
    "project_id": "appintment-c52cc",
    "storage_bucket": "appintment-c52cc.firebasestorage.app"
  },
  "client": [
    {
      "client_info": {
        "mobilesdk_app_id": "1:112921723540:android:7fe62737659372540e6a81",
        "android_client_info": {
          "package_name": "com.example.signuppage"
        }
      },
      "oauth_client": [],
      "api_key": [
        {
          "current_key": "AIzaSyACLIpKa56Kgxi2aG8neqoHMGrmV02YDA4"
        }
      ],
      "services": {
        "appinvite_service": {
          "other_platform_oauth_client": []
        }
      }
    }
  ],
  "configuration_version": "1"
}